loan_id,application_id,jurisdiction,status,origination_date,apr
L0001,A0001,TALA,FUNDED,2026-04-06,19.00
L0002,A0002,ORIN,FUNDED,2026-04-09,20.00
L0003,A0004,MIRA,FUNDED,2026-04-15,24.00
L0004,A0005,TALA,FUNDED,2026-04-18,22.00
L0005,A0007,ORIN,FUNDED,2026-04-24,23.00
L0006,A0008,MIRA,FUNDED,2026-04-27,24.01
L0007,A0010,TALA,FUNDED,2026-05-03,19.00
L0008,A0011,ORIN,FUNDED,2026-05-06,20.00
L0009,A0013,MIRA,FUNDED,2026-05-12,27.00
L0010,A0014,TALA,FUNDED,2026-05-15,22.00
L0011,A0016,ORIN,FUNDED,2026-05-21,23.00
L0012,A0017,MIRA,FUNDED,2026-05-24,18.00
L0013,A0019,TALA,FUNDED,2026-05-30,19.00
L0014,A0020,ORIN,FUNDED,2026-06-02,20.00
L0015,A0022,MIRA,FUNDED,2026-06-08,105.00
L0016,A0023,TALA,FUNDED,2026-06-11,22.00
L0017,A0025,ORIN,FUNDED,2026-04-03,23.00
L0018,A9999,MIRA,FUNDED,2026-04-06,18.00
L0019,A0028,TALA,FUNDED,2026-04-12,19.00
L0020,A0029,ORIN,FUNDED,2026-04-15,20.00
L0021,A0031,MIRA,FUNDED,2026-04-21,21.00
L0022,A0032,TALA,FUNDED,2026-04-24,22.00
L0023,A0034,ORIN,FUNDED,2026-04-30,23.00
L0024,A0035,MIRA,FUNDED,2026-05-03,18.00
L0025,A0037,TALA,FUNDED,2026-05-09,19.00
L0026,A0038,ORIN,FUNDED,2026-05-12,20.00
L0027,A0041,MIRA,FUNDED,2026-05-21,21.00
L0028,A0043,TALA,FUNDED,2026-05-27,22.00
L0029,A0044,ORIN,FUNDED,2026-05-30,23.00
L0030,A0046,MIRA,FUNDED,2026-06-05,18.00
L0031,A0047,TALA,FUNDED,2026-06-08,19.00
L0032,A0049,ORIN,FUNDED,2026-06-14,20.00
L0033,A0050,MIRA,FUNDED,2026-04-03,21.00
L0034,A0052,TALA,FUNDED,2026-04-09,22.00
L0035,A0053,ORIN,FUNDED,2026-04-12,23.00
L0036,A0055,MIRA,FUNDED,2026-04-18,18.00
L0037,A0056,TALA,FUNDED,2026-04-21,19.00
L0038,A0058,ORIN,FUNDED,2026-04-27,20.00
L0039,A0059,MIRA,FUNDED,2026-04-30,21.00
L0040,A0061,TALA,FUNDED,2026-05-06,22.00
L0041,A0062,ORIN,FUNDED,2026-05-09,23.00
L0042,A0064,MIRA,FUNDED,2026-05-15,18.00
L0043,A0065,TALA,FUNDED,2026-05-18,19.00
L0044,A0067,ORIN,FUNDED,2026-05-24,20.00
L0045,A0068,MIRA,FUNDED,2026-05-27,21.00
L0046,A0070,TALA,FUNDED,2026-06-02,22.00
L0047,A0071,ORIN,FUNDED,2026-06-05,23.00
L0048,A0073,MIRA,FUNDED,2026-06-11,18.00
L0049,A0074,TALA,FUNDED,2026-06-14,19.00
L0050,A0076,ORIN,FUNDED,2026-04-06,20.00
L0051,A0077,MIRA,FUNDED,2026-04-09,21.00
L0052,A0079,TALA,FUNDED,2026-04-15,22.00
L0053,A0080,ORIN,FUNDED,2026-04-18,23.00
L0054,A0082,MIRA,FUNDED,2026-04-24,18.00
L0055,A0083,TALA,FUNDED,2026-04-27,19.00
L0056,A0085,ORIN,FUNDED,2026-05-03,20.00
L0057,A0086,MIRA,FUNDED,2026-05-06,21.00
L0058,A0088,TALA,FUNDED,2026-05-12,22.00
L0059,A0089,ORIN,FUNDED,2026-05-15,23.00
L0060,A0091,MIRA,FUNDED,2026-05-21,18.00
L0061,A0092,TALA,FUNDED,2026-05-24,19.00
L0062,A0094,ORIN,FUNDED,2026-05-30,20.00
L0063,A0095,MIRA,FUNDED,2026-06-02,21.00
L0064,A0097,TALA,FUNDED,2026-06-08,22.00
L0065,A0098,ORIN,FUNDED,2026-06-11,23.00
L0066,A0100,MIRA,FUNDED,2026-04-03,18.00
L0067,A0101,TALA,FUNDED,2026-04-06,19.00
L0068,A0103,ORIN,FUNDED,2026-04-12,20.00
L0069,A0104,MIRA,FUNDED,2026-04-15,21.00
L0070,A0106,TALA,FUNDED,2026-04-21,22.00
L0071,A0107,ORIN,FUNDED,2026-04-24,23.00
L0072,A0109,MIRA,FUNDED,2026-04-30,18.00
L0073,A0110,TALA,FUNDED,2026-05-03,19.00
L0074,A0112,ORIN,FUNDED,2026-05-09,20.00
L0075,A0113,MIRA,FUNDED,2026-05-12,21.00
L0076,A0115,TALA,FUNDED,2026-05-18,22.00
L0077,A0116,ORIN,FUNDED,2026-05-21,23.00
L0078,A0118,MIRA,FUNDED,2026-05-27,18.00
L0079,A0119,TALA,FUNDED,2026-05-30,19.00
L0080,A0121,ORIN,FUNDED,2026-06-05,20.00
L0081,A0122,MIRA,FUNDED,2026-06-08,21.00
L0082,A0124,TALA,FUNDED,2026-06-14,22.00
L0083,A0125,ORIN,FUNDED,2026-04-03,23.00
L0084,A0127,MIRA,FUNDED,2026-04-09,18.00
L0085,A0128,TALA,FUNDED,2026-04-12,19.00
L0086,A0130,ORIN,FUNDED,2026-04-18,20.00
L0087,A0131,MIRA,FUNDED,2026-04-21,21.00
L0088,A0133,TALA,FUNDED,2026-04-27,22.00
L0089,A0134,ORIN,FUNDED,2026-04-30,23.00
L0090,A0136,MIRA,FUNDED,2026-05-06,18.00
L0091,A0137,TALA,FUNDED,2026-05-09,19.00
L0092,A0139,ORIN,FUNDED,2026-05-15,20.00
L0093,A0140,MIRA,FUNDED,2026-05-18,21.00
L0094,A0142,TALA,FUNDED,2026-05-24,22.00
L0095,A0143,ORIN,FUNDED,2026-05-27,23.00
L0096,A0145,MIRA,FUNDED,2026-06-02,18.00
L0097,A0146,TALA,FUNDED,2026-06-05,19.00
L0098,A0148,ORIN,FUNDED,2026-06-11,20.00
L0099,A0149,MIRA,FUNDED,2026-06-14,21.00
L0100,A0151,TALA,FUNDED,2026-04-06,22.00
L0101,A0152,ORIN,FUNDED,2026-04-09,23.00
L0102,A0154,MIRA,FUNDED,2026-04-15,18.00
L0103,A0155,TALA,FUNDED,2026-04-18,19.00
L0104,A0157,ORIN,FUNDED,2026-04-24,20.00
L0105,A0158,MIRA,FUNDED,2026-04-27,21.00
L0106,A0160,TALA,FUNDED,2026-05-03,22.00
L0107,A0161,ORIN,FUNDED,2026-05-06,23.00
L0108,A0163,MIRA,FUNDED,2026-05-12,18.00
L0109,A0164,TALA,FUNDED,2026-05-15,19.00
L0110,A0166,ORIN,FUNDED,2026-05-21,20.00
L0111,A0167,MIRA,FUNDED,2026-05-24,21.00
L0112,A0169,TALA,FUNDED,2026-05-30,22.00
L0113,A0170,ORIN,FUNDED,2026-06-02,23.00
L0114,A0172,MIRA,FUNDED,2026-06-08,18.00
L0115,A0173,TALA,FUNDED,2026-06-11,19.00
L0116,A0175,ORIN,FUNDED,2026-04-03,20.00
L0117,A0176,MIRA,FUNDED,2026-04-06,21.00
L0118,A0178,TALA,FUNDED,2026-04-12,22.00
L0119,A0179,ORIN,FUNDED,2026-04-15,23.00
L0120,A0181,MIRA,FUNDED,2026-04-21,18.00
L0120,A0181,MIRA,FUNDED,2026-04-21,18.00
